Workbook

Sheet 1. Tổng quan & Công thức
A1: HỆ HỖ TRỢ RA QUYẾT ĐỊNH ĐÁNH GIÁ MỨC ĐỘ NGUY HIỂM APK ANDROID
A3: KẾT HỢP AI (RANDOM FOREST) + PHƯƠNG PHÁP AHP
A5: I. CẤU TRÚC PHÂN CẤP AHP
A7: LEVEL 1 - MỤC TIÊU (GOAL): | B7: Đánh giá mức độ nguy hiểm của file APK Android
A9: LEVEL 2 - CÁC TIÊU CHÍ ĐÁNH GIÁ (4 nhóm đặc trưng):
A10: C1 | B10: Permissions (Quyền hạn truy cập) | C10: ~113 đặc trưng | D10: VD: SEND_SMS, READ_PHONE_STATE, RECEIVE_SMS, READ_SMS, GET_ACCOUNTS, INTERNET | E10: Lớp bảo mật đầu tiên - rủi ro TÀI CHÍNH và RIÊNG TƯ cao
A11: C2 | B11: API Calls (Lời gọi API nhạy cảm) | C11: ~42 đặc trưng | D11: VD: SmsManager, getSubscriberId, getDeviceId, Runtime.getRuntime, getMethods | E11: Hành vi thực sự - phát hiện hoạt động NGẦM
A12: C3 | B12: Intents (Ý định & Sự kiện hệ thống) | C12: ~24 đặc trưng | D12: VD: BOOT_COMPLETED, PACKAGE_REPLACED, SEND_MULTIPLE | E12: Tự khởi động và theo dõi sự kiện - rủi ro HỆ THỐNG
A13: C4 | B13: Commands (Lệnh & Phần cứng) | C13: ~36 đặc trưng | D13: VD: mount, chmod, chown, /system/bin, CAMERA, GPS, NFC | E13: Leo thang đặc quyền (root) - nguy hiểm cực kỳ cao
A15: LEVEL 3 - CÁC PHƯƠNG ÁN: | B15: File APK cần đánh giá (APK1, APK2, APK3, ...)
A18: II. CÁC CÔNG THỨC TOÁN HỌC SỬ DỤNG
A20: A. Ma trận so sánh cặp (Pairwise Comparison Matrix)
A21: Thang đo Saaty (1-9): | B21: 1=ngang nhau, 3=hơn chút, 5=hơn nhiều, 7=rất nhiều, 9=tuyệt đối
A22: Ma trận A = [aij] với aij = 1/aji
A24: B. Chuẩn hóa ma trận (Normalization)
A25: Normalized_ij = aij / Σ(aij) theo cột
A26: Trọng số wi = Trung bình theo hàng của ma trận chuẩn hóa
A28: C. Kiểm tra tính nhất quán (Consistency Ratio)
A29: λmax = Σ(Consistency Vector) / n
A30: CI = (λmax - n) / (n - 1)
A31: CR = CI / RI
A32: Điều kiện: CR < 0.10 (10%) thì ma trận nhất quán | B32: RI(n=4) = 0.90 ; RI(n=3) = 0.58
A34: D. Điểm số nhóm đặc trưng (Group Score)
A35: S_group = n_found / N_total
A36: Trong đó: n_found = số đặc trưng tìm thấy trong APK
A37: N_total = tổng số đặc trưng trong nhóm (113, 42, 24, 36)
A39: E. Chỉ số rủi ro tổng hợp (RiskScore) - KẾT HỢP AI + AHP
A40: RiskScore = w_ML × P_ML + Σ(wi × Si)
A41: Trong đó: | B41: w_ML = trọng số AI (0.4 - 0.5)
B42: P_ML = xác suất độc hại từ Random Forest (0-1)
B43: wi = trọng số nhóm i từ AHP
B44: Si = điểm số nhóm i
A46: F. Phán quyết (Verdict)
A47: RiskScore < 0.3 → AN TOÀN (Safe)
A48: 0.3 ≤ RiskScore < 0.7 → NGHI NGỜ (Suspicious) - Cảnh báo
A49: RiskScore ≥ 0.7 → NGUY HIỂM (Malware) - Chặn/Xóa

Sheet 2. So sánh 4 Tiêu chí
A1: BƯỚC 1: SO SÁNH CẶP 4 TIÊU CHÍ (CRITERIA)
A3: Ma trận so sánh cặp theo thang Saaty (1-9):
C5: C1-Permissions | D5: C2-API Calls | E5: C3-Intents | F5: C4-Commands
B6: C1-Permissions | C6: 1 | D6: 2 | E6: 4 | F6: 3
B7: C2-API Calls | C7: =1/C6 -> 1 | D7: 1 | E7: 3 | F7: 2
B8: C3-Intents | C8: =1/D6 -> 0.5 | D8: =1/D7 -> 1 | E8: 1 | F8: =1/2 -> 0.5
B9: C4-Commands | C9: =1/E6 -> 0.25 | D9: =1/E7 -> 0.33333333 | E9: =1/E8 -> 1 | F9: 1
B10: SUM (Σ) | C10: =SUM(C6:C9) -> 2.75 | D10: =SUM(D6:D9) -> 4.3333333 | E10: =SUM(E6:E9) -> 9 | F10: =SUM(F6:F9) -> 6.5
A13: Ma trận chuẩn hóa (Normalized Matrix):
C14: C1-Permissions | D14: C2-API Calls | E14: C3-Intents | F14: C4-Commands | G14: Trọng số (wi)
B15: C1-Permissions | C15: =C6/C$10 -> 0.36363636 | D15: =D6/D$10 -> 0.46153846 | E15: =E6/E$10 -> 0.44444444 | F15: =F6/F$10 -> 0.46153846 | G15: =AVERAGE(C15:F15) -> 0.43278943
B16: C2-API Calls | C16: =C7/C$10 -> 0.36363636 | D16: =D7/D$10 -> 0.23076923 | E16: =E7/E$10 -> 0.33333333 | F16: =F7/F$10 -> 0.30769231 | G16: =AVERAGE(C16:F16) -> 0.30885781
B17: C3-Intents | C17: =C8/C$10 -> 0.18181818 | D17: =D8/D$10 -> 0.23076923 | E17: =E8/E$10 -> 0.11111111 | F17: =F8/F$10 -> 0.076923077 | G17: =AVERAGE(C17:F17) -> 0.1501554
B18: C4-Commands | C18: =C9/C$10 -> 0.090909091 | D18: =D9/D$10 -> 0.076923077 | E18: =E9/E$10 -> 0.11111111 | F18: =F9/F$10 -> 0.15384615 | G18: =AVERAGE(C18:F18) -> 0.10819736
B19: TỔNG | G19: =SUM(G15:G18) -> 1
A22: KIỂM TRA TÍNH NHẤT QUÁN (Consistency Ratio)
A24: 1. Consistency Vector (CV):
B25: C1-Permissions | C25: =(C6*$G$15+D6*$G$16+E6*$G$17+F6*$G$18)/G15 -> 4.5650808
B26: C2-API Calls | C26: =(C7*$G$15+D7*$G$16+E7*$G$17+F7*$G$18)/G16 -> 4.5603774
B27: C3-Intents | C27: =(C8*$G$15+D8*$G$16+E8*$G$17+F8*$G$18)/G17 -> 4.8583441
B28: C4-Commands | C28: =(C9*$G$15+D9*$G$16+E9*$G$17+F9*$G$18)/G18 -> 4.3393178
A30: 2. Lambda max (λmax): | B30: =AVERAGE(C25:C28) -> 4.58078 | C30: (Trung bình của CV)
A31: 3. CI (Consistency Index): | B31: =(B30-4)/(4-1) -> 0.19359334 | C31: CI = (λmax - n) / (n - 1)
A32: 4. RI (Random Index, n=4): | B32: 0.9 | C32: (Tra bảng chuẩn)
A33: 5. CR (Consistency Ratio): | B33: =B31/B32 -> 0.21510371 | C33: =IF(B33<0.1,"✓ NHẤT QUÁN (CR<10%)","✗ KHÔNG NHẤT QUÁN - CẦN ĐÁNH GIÁ LẠI") -> ✗ KHÔNG NHẤT QUÁN - CẦN ĐÁNH GIÁ LẠI

Sheet 3. C1-Permissions
A1: SO SÁNH APK THEO TIÊU CHÍ: Permissions (Quyền hạn)
A2: C1: Lớp bảo mật đầu tiên - App đèn pin đòi SEND_SMS = rủi ro cực cao
A3: Tổng số đặc trưng trong nhóm: 113
A5: PHẦN 1: MA TRẬN SO SÁNH CẶP & TÍNH TRỌNG SỐ
B7: Permissions (Quyền hạn) | C7: APK 1 | D7: APK 2 | E7: APK 3
B8: APK 1 | C8: 1 | D8: 3 | E8: 2
B9: APK 2 | C9: =1/C8 -> 1 | D9: 1 | E9: =1/2 -> 0.5
B10: APK 3 | C10: =1/D8 -> 0.33333333 | D10: =1/D9 -> 1 | E10: 1
B11: SUM (Σ) | C11: =SUM(C8:C10) -> 2.3333333 | D11: =SUM(D8:D10) -> 5 | E11: =SUM(E8:E10) -> 3.5
A13: Ma trận chuẩn hóa:
C14: APK 1 | D14: APK 2 | E14: APK 3 | F14: Trọng số (wi)
B15: APK 1 | C15: =C8/C$11 -> 0.42857143 | D15: =D8/D$11 -> 0.6 | E15: =E8/E$11 -> 0.57142857 | F15: =AVERAGE(C15:E15) -> 0.53333333
B16: APK 2 | C16: =C9/C$11 -> 0.42857143 | D16: =D9/D$11 -> 0.2 | E16: =E9/E$11 -> 0.14285714 | F16: =AVERAGE(C16:E16) -> 0.25714286
B17: APK 3 | C17: =C10/C$11 -> 0.14285714 | D17: =D10/D$11 -> 0.2 | E17: =E10/E$11 -> 0.28571429 | F17: =AVERAGE(C17:E17) -> 0.20952381
A20: PHẦN 2: KIỂM TRA TÍNH NHẤT QUÁN
A22: Consistency Vector:
B23: APK 1 | C23: =(C8*$F$15+D8*$F$16+E8*$F$17)/F15 -> 3.2321429
B24: APK 2 | C24: =(C9*$F$15+D9*$F$16+E9*$F$17)/F16 -> 3.4814815
B25: APK 3 | C25: =(C10*$F$15+D10*$F$16+E10*$F$17)/F17 -> 3.0757576
A27: Lambda max: | B27: =AVERAGE(C23:C25) -> 3.2631273
A28: CI: | B28: =(B27-3)/2 -> 0.13156365
A29: RI (n=3): | B29: 0.58
A30: CR: | B30: =B28/B29 -> 0.22683388 | C30: =IF(B30<0.1,"NHẤT QUÁN"," KHÔNG NHẤT QUÁN") -> KHÔNG NHẤT QUÁN
A33: PHẦN 3: ĐIỂM SỐ NHÓM ĐẶC TRƯNG (Group Score)
A35: Công thức: S_group = n_found / N_total
A36: N_total = 113 đặc trưng
B38: APK | C38: n_found | D38: N_total | E38: S_group
B39: APK 1 | C39: 67 | D39: 113 | E39: =C39/D39 -> 0.59292035
B40: APK 2 | C40: 33 | D40: 113 | E40: =C40/D40 -> 0.2920354
B41: APK 3 | C41: 90 | D41: 113 | E41: =C41/D41 -> 0.79646018

Sheet 4. C2-API Calls
A1: SO SÁNH APK THEO TIÊU CHÍ: API Calls (Lời gọi API)
A2: C2: Hành vi thực sự - Quyền chỉ là xin phép, API Call mới là hành động
A3: Tổng số đặc trưng trong nhóm: 42
A5: PHẦN 1: MA TRẬN SO SÁNH CẶP & TÍNH TRỌNG SỐ
B7: API Calls (Lời gọi API) | C7: APK 1 | D7: APK 2 | E7: APK 3
B8: APK 1 | C8: 1 | D8: =1/2 -> 0.5 | E8: 3
B9: APK 2 | C9: =1/C8 -> 1 | D9: 1 | E9: 4
B10: APK 3 | C10: =1/D8 -> 2 | D10: =1/D9 -> 1 | E10: 1
B11: SUM (Σ) | C11: =SUM(C8:C10) -> 4 | D11: =SUM(D8:D10) -> 2.5 | E11: =SUM(E8:E10) -> 8
A13: Ma trận chuẩn hóa:
C14: APK 1 | D14: APK 2 | E14: APK 3 | F14: Trọng số (wi)
B15: APK 1 | C15: =C8/C$11 -> 0.25 | D15: =D8/D$11 -> 0.2 | E15: =E8/E$11 -> 0.375 | F15: =AVERAGE(C15:E15) -> 0.275
B16: APK 2 | C16: =C9/C$11 -> 0.25 | D16: =D9/D$11 -> 0.4 | E16: =E9/E$11 -> 0.5 | F16: =AVERAGE(C16:E16) -> 0.38333333
B17: APK 3 | C17: =C10/C$11 -> 0.5 | D17: =D10/D$11 -> 0.4 | E17: =E10/E$11 -> 0.125 | F17: =AVERAGE(C17:E17) -> 0.34166667
A20: PHẦN 2: KIỂM TRA TÍNH NHẤT QUÁN
A22: Consistency Vector:
B23: APK 1 | C23: =(C8*$F$15+D8*$F$16+E8*$F$17)/F15 -> 5.4242424
B24: APK 2 | C24: =(C9*$F$15+D9*$F$16+E9*$F$17)/F16 -> 5.2826087
B25: APK 3 | C25: =(C10*$F$15+D10*$F$16+E10*$F$17)/F17 -> 3.7317073
A27: Lambda max: | B27: =AVERAGE(C23:C25) -> 4.8128528
A28: CI: | B28: =(B27-3)/2 -> 0.90642641
A29: RI (n=3): | B29: 0.58
A30: CR: | B30: =B28/B29 -> 1.5628041 | C30: =IF(B30<0.1,"✓ NHẤT QUÁN","✗ KHÔNG NHẤT QUÁN") -> ✗ KHÔNG NHẤT QUÁN
A33: PHẦN 3: ĐIỂM SỐ NHÓM ĐẶC TRƯNG (Group Score)
A35: Công thức: S_group = n_found / N_total
A36: N_total = 42 đặc trưng
B38: APK | C38: n_found | D38: N_total | E38: S_group
B39: APK 1 | C39: 25 | D39: 42 | E39: =C39/D39 -> 0.5952381
B40: APK 2 | C40: 12 | D40: 42 | E40: =C40/D40 -> 0.28571429
B41: APK 3 | C41: 33 | D41: 42 | E41: =C41/D41 -> 0.78571429

Sheet 5. C3-Intents
A1: SO SÁNH APK THEO TIÊU CHÍ: Intents (Sự kiện hệ thống)
A2: C3: Tự khởi động khi bật máy (BOOT_COMPLETED) - mã độc thường dùng
A3: Tổng số đặc trưng trong nhóm: 24
A5: PHẦN 1: MA TRẬN SO SÁNH CẶP & TÍNH TRỌNG SỐ
B7: Intents (Sự kiện hệ thống) | C7: APK 1 | D7: APK 2 | E7: APK 3
B8: APK 1 | C8: 1 | D8: 2 | E8: =1/2 -> 0.5
B9: APK 2 | C9: =1/C8 -> 1 | D9: 1 | E9: =1/3 -> 0.33333333
B10: APK 3 | C10: =1/D8 -> 0.5 | D10: =1/D9 -> 1 | E10: 1
B11: SUM (Σ) | C11: =SUM(C8:C10) -> 2.5 | D11: =SUM(D8:D10) -> 4 | E11: =SUM(E8:E10) -> 1.8333333
A13: Ma trận chuẩn hóa:
C14: APK 1 | D14: APK 2 | E14: APK 3 | F14: Trọng số (wi)
B15: APK 1 | C15: =C8/C$11 -> 0.4 | D15: =D8/D$11 -> 0.5 | E15: =E8/E$11 -> 0.27272727 | F15: =AVERAGE(C15:E15) -> 0.39090909
B16: APK 2 | C16: =C9/C$11 -> 0.4 | D16: =D9/D$11 -> 0.25 | E16: =E9/E$11 -> 0.18181818 | F16: =AVERAGE(C16:E16) -> 0.27727273
B17: APK 3 | C17: =C10/C$11 -> 0.2 | D17: =D10/D$11 -> 0.25 | E17: =E10/E$11 -> 0.54545455 | F17: =AVERAGE(C17:E17) -> 0.33181818
A20: PHẦN 2: KIỂM TRA TÍNH NHẤT QUÁN
A22: Consistency Vector:
B23: APK 1 | C23: =(C8*$F$15+D8*$F$16+E8*$F$17)/F15 -> 2.8430233
B24: APK 2 | C24: =(C9*$F$15+D9*$F$16+E9*$F$17)/F16 -> 2.8087432
B25: APK 3 | C25: =(C10*$F$15+D10*$F$16+E10*$F$17)/F17 -> 2.4246575
A27: Lambda max: | B27: =AVERAGE(C23:C25) -> 2.6921413
A28: CI: | B28: =(B27-3)/2 -> -0.15392934
A29: RI (n=3): | B29: 0.58
A30: CR: | B30: =B28/B29 -> -0.26539541 | C30: =IF(B30<0.1,"✓ NHẤT QUÁN","✗ KHÔNG NHẤT QUÁN") -> ✓ NHẤT QUÁN
A33: PHẦN 3: ĐIỂM SỐ NHÓM ĐẶC TRƯNG (Group Score)
A35: Công thức: S_group = n_found / N_total
A36: N_total = 24 đặc trưng
B38: APK | C38: n_found | D38: N_total | E38: S_group
B39: APK 1 | C39: 14 | D39: 24 | E39: =C39/D39 -> 0.58333333
B40: APK 2 | C40: 7 | D40: 24 | E40: =C40/D40 -> 0.29166667
B41: APK 3 | C41: 19 | D41: 24 | E41: =C41/D41 -> 0.79166667

Sheet 6. C4-Commands
A1: SO SÁNH APK THEO TIÊU CHÍ: Commands (Lệnh & Phần cứng)
A2: C4: Leo thang đặc quyền (chmod, mount) - nguy hiểm nhất
A3: Tổng số đặc trưng trong nhóm: 36
A5: PHẦN 1: MA TRẬN SO SÁNH CẶP & TÍNH TRỌNG SỐ
B7: Commands (Lệnh & Phần cứng) | C7: APK 1 | D7: APK 2 | E7: APK 3
B8: APK 1 | C8: 1 | D8: =1/4 -> 0.25 | E8: =1/2 -> 0.5
B9: APK 2 | C9: =1/C8 -> 1 | D9: 1 | E9: 2
B10: APK 3 | C10: =1/D8 -> 4 | D10: =1/D9 -> 1 | E10: 1
B11: SUM (Σ) | C11: =SUM(C8:C10) -> 6 | D11: =SUM(D8:D10) -> 2.25 | E11: =SUM(E8:E10) -> 3.5
A13: Ma trận chuẩn hóa:
C14: APK 1 | D14: APK 2 | E14: APK 3 | F14: Trọng số (wi)
B15: APK 1 | C15: =C8/C$11 -> 0.16666667 | D15: =D8/D$11 -> 0.11111111 | E15: =E8/E$11 -> 0.14285714 | F15: =AVERAGE(C15:E15) -> 0.14021164
B16: APK 2 | C16: =C9/C$11 -> 0.16666667 | D16: =D9/D$11 -> 0.44444444 | E16: =E9/E$11 -> 0.57142857 | F16: =AVERAGE(C16:E16) -> 0.39417989
B17: APK 3 | C17: =C10/C$11 -> 0.66666667 | D17: =D10/D$11 -> 0.44444444 | E17: =E10/E$11 -> 0.28571429 | F17: =AVERAGE(C17:E17) -> 0.46560847
A20: PHẦN 2: KIỂM TRA TÍNH NHẤT QUÁN
A22: Consistency Vector:
B23: APK 1 | C23: =(C8*$F$15+D8*$F$16+E8*$F$17)/F15 -> 3.3632075
B24: APK 2 | C24: =(C9*$F$15+D9*$F$16+E9*$F$17)/F16 -> 3.7181208
B25: APK 3 | C25: =(C10*$F$15+D10*$F$16+E10*$F$17)/F17 -> 3.0511364
A27: Lambda max: | B27: =AVERAGE(C23:C25) -> 3.3774882
A28: CI: | B28: =(B27-3)/2 -> 0.18874412
A29: RI (n=3): | B29: 0.58
A30: CR: | B30: =B28/B29 -> 0.3254209 | C30: =IF(B30<0.1,"✓ NHẤT QUÁN","✗ KHÔNG NHẤT QUÁN") -> ✗ KHÔNG NHẤT QUÁN
A33: PHẦN 3: ĐIỂM SỐ NHÓM ĐẶC TRƯNG (Group Score)
A35: Công thức: S_group = n_found / N_total
A36: N_total = 36 đặc trưng
B38: APK | C38: n_found | D38: N_total | E38: S_group
B39: APK 1 | C39: 21 | D39: 36 | E39: =C39/D39 -> 0.58333333
B40: APK 2 | C40: 10 | D40: 36 | E40: =C40/D40 -> 0.27777778
B41: APK 3 | C41: 28 | D41: 36 | E41: =C41/D41 -> 0.77777778

Sheet 7. RiskScore & Verdict
A1: KẾT QUẢ CUỐI CÙNG: RISK SCORE & VERDICT
A3: CÔNG THỨC: RiskScore = w_ML × P_ML + Σ(wi × Si)
A5: I. TRỌNG SỐ TIÊU CHÍ (từ Sheet 2 - AHP)
B6: Tiêu chí | C6: Trọng số (wi) | D6: Nguồn
B7: C1-Permissions | C7: ='2. So sánh 4 Tiêu chí'!G15 -> 0.43278943 | D7: AHP Matrix
B8: C2-API Calls | C8: ='2. So sánh 4 Tiêu chí'!G16 -> 0.30885781 | D8: AHP Matrix
B9: C3-Intents | C9: ='2. So sánh 4 Tiêu chí'!G17 -> 0.1501554 | D9: AHP Matrix
B10: C4-Commands | C10: ='2. So sánh 4 Tiêu chí'!G18 -> 0.10819736 | D10: AHP Matrix
A12: II. ĐIỂM SỐ NHÓM (Group Score)
B13: APK | C13: S_C1 | D13: S_C2 | E13: S_C3 | F13: S_C4
B14: APK1 | C14: ='3. C1-Permissions'!E39 -> 0.59292035 | D14: ='4. C2-API Calls'!E39 -> 0.5952381 | E14: ='5. C3-Intents'!E39 -> 0.58333333 | F14: ='6. C4-Commands'!E39 -> 0.58333333
B15: APK2 | C15: ='3. C1-Permissions'!E40 -> 0.2920354 | D15: ='4. C2-API Calls'!E40 -> 0.28571429 | E15: ='5. C3-Intents'!E40 -> 0.29166667 | F15: ='6. C4-Commands'!E40 -> 0.27777778
B16: APK3 | C16: ='3. C1-Permissions'!E41 -> 0.79646018 | D16: ='4. C2-API Calls'!E41 -> 0.78571429 | E16: ='5. C3-Intents'!E41 -> 0.79166667 | F16: ='6. C4-Commands'!E41 -> 0.77777778
A18: III. THAM SỐ AI (RANDOM FOREST)
B19: w_ML (Trọng số AI): | C19: 0.4 | D19: (Có thể điều chỉnh 0.3-0.5)
B21: APK | C21: P_ML (Xác suất AI)
B22: APK1 | C22: 0.85
B23: APK2 | C23: 0.42
B24: APK3 | C24: 0.91
A26: * P_ML (màu vàng) là VÍ DỤ - thay bằng kết quả từ Random Forest model
A29: IV. TÍNH RISKSCORE TỔNG HỢP (AI + AHP)
B30: APK | C30: RiskScore | D30: Công thức chi tiết
B31: APK1 | C31: =$C$19*C22+$C$7*C14+$C$8*D14+$C$9*E14+$C$10*F14 -> 0.93115937 | D31: w_ML×P_ML + Σ(wi×Si)
B32: APK2 | C32: =$C$19*C23+$C$7*C15+$C$8*D15+$C$9*E15+$C$10*F15 -> 0.45648507 | D32: w_ML×P_ML + Σ(wi×Si)
B33: APK3 | C33: =$C$19*C24+$C$7*C16+$C$8*D16+$C$9*E16+$C$10*F16 -> 1.1544001 | D33: w_ML×P_ML + Σ(wi×Si)
A36: V. PHÁN QUYẾT (VERDICT)
B37: APK | C37: RiskScore | D37: Verdict | E37: Khuyến nghị
B38: APK1 | C38: =C31 -> 0.93115937 | D38: =IF(C38<0.3,"AN TOÀN",IF(C38<0.7,"NGHI NGỜ","NGUY HIỂM")) -> NGUY HIỂM | E38: =IF(D38="AN TOÀN"," Cho phép cài đặt",IF(D38="NGHI NGỜ"," Cảnh báo người dùng"," CHẶN/XÓA NGAY")) -> CHẶN/XÓA NGAY
B39: APK2 | C39: =C32 -> 0.45648507 | D39: =IF(C39<0.3,"AN TOÀN",IF(C39<0.7,"NGHI NGỜ","NGUY HIỂM")) -> NGHI NGỜ | E39: =IF(D39="AN TOÀN","Cho phép cài đặt",IF(D39="NGHI NGỜ","Cảnh báo người dùng","✗ CHẶN/XÓA NGAY")) -> Cảnh báo người dùng
B40: APK3 | C40: =C33 -> 1.1544001 | D40: =IF(C40<0.3,"AN TOÀN",IF(C40<0.7,"NGHI NGỜ","NGUY HIỂM")) -> NGUY HIỂM | E40: =IF(D40="AN TOÀN","Cho phép cài đặt",IF(D40="NGHI NGỜ","Cảnh báo người dùng"," CHẶN/XÓA NGAY")) -> CHẶN/XÓA NGAY
A42: GIẢI THÍCH NGƯỠNG:
B43: • RiskScore < 0.3: | C43: AN TOÀN - Cho phép cài đặt
B44: • 0.3 ≤ RiskScore < 0.7: | C44: NGHI NGỜ - Cảnh báo các quyền nhạy cảm
B45: • RiskScore ≥ 0.7: | C45: NGUY HIỂM - Khuyến cáo chặn/xóa lập tức
